{
  "cell": "B0005",
  "Q_nom_Ah": 2.0,
  "R0_ohm": 0.001,
  "R1_ohm": 0.002894460995795434,
  "C1_F": 1999.9999999999072,
  "R2_ohm": 0.001,
  "C2_F": 19999.999999999836,
  "tau1_s": 5.7889219915906,
  "tau2_s": 19.999999999999837,
  "ocv_poly_coeffs": [
    -71.91707258440056,
    339.2570335308195,
    -614.5521914621685,
    549.8527587752204,
    -254.3832340277384,
    56.29824470682481,
    -3.680946947689651,
    3.180267599156551
  ],
  "ocv_poly_deg": 7,
  "validation_rmse_mV": 69.17359418707962
}